{
  "700001": { "type": "passed", "gpa": 3.75 },
  "700002": { "type": "passed", "gpa": 3.12 },
  "700003": { "type": "referred", "subjects": ["25911(T)"] },
  "700004": { "type": "referred", "subjects": ["25912(T)", "25921(T)"] },
  "700005": { "type": "passed", "gpa": 2.98 },
  "700006": { "type": "referred", "subjects": ["26711(T)"] },
  "700007": { "type": "passed", "gpa": 3.45 },
  "700008": { "type": "referred", "subjects": ["25913(T)", "26811(T)"] },
  "700009": { "type": "passed", "gpa": 3.20 },
  "700010": { "type": "referred", "subjects": ["25921(T)", "25922(T)", "26721(T)"] },
  "700011": { "type": "passed", "gpa": 3.60 },
  "700012": { "type": "referred", "subjects": ["28521(T)"] },
  "700013": { "type": "passed", "gpa": 2.89 },
  "700014": { "type": "referred", "subjects": ["25911(T)", "25912(T)", "25913(T)"] },
  "700015": { "type": "passed", "gpa": 3.01 }
}
